{
  "app": 0,
  "customMetadata": false,
  "customData": null,
  "style": "style.css",
  "useCDN": false,
  "displayDuration": true,
  "browser": 3,
  "name": "",
  "version": "version",
  "time": "2020-03-19T10:04:52.795Z",
  "features": [
    {
      "metadata": {
        "browser": {
          "name": "chrome",
          "version": "67.0.33"
        },
        "device": "Win node12 masin",
        "platform": {
          "name": "win32",
          "version": "10.0.17134"
        }
      },
      "keyword": "Feature",
      "name": "Sitrep põhivoog",
      "line": 1,
      "id": "854316b2-5643-4ef6-b75b-fbf6805dea9a-sitrep-p-hivoog",
      "tags": [],
      "uri": "features\\`secondaryflow.feature",
      "elements": [
        {
          "id": "sitrep-põhivoog;sündmuse-lisamine",
          "keyword": "Scenario",
          "line": 5,
          "name": "sündmuse lisamine",
          "tags": [],
          "type": "scenario",
          "steps": [
            {
              "keyword": "Before",
              "hidden": true,
              "match": {
                "location": "features\\support\\hooks.js:45"
              },
              "result": {
                "status": "passed",
                "duration": 27893000000
              }
            },
            {
              "arguments": [],
              "keyword": "Given ",
              "line": 6,
              "name": "I open the Sitrep page",
              "match": {
                "location": "features\\step_definitions\\sitrep.js:12"
              },
              "result": {
                "status": "passed",
                "duration": 9403000000
              },
              "time": "00:00:09.403"
            },
            {
              "arguments": [],
              "keyword": "When ",
              "line": 7,
              "name": "I am directed to login page",
              "match": {
                "location": "features\\step_definitions\\sitrep.js:19"
              },
              "result": {
                "status": "passed",
                "duration": 4525000000
              },
              "time": "00:00:04.525"
            },
            {
              "arguments": [],
              "keyword": "Then ",
              "line": 8,
              "name": "I log in with credentials \"11111111111\" and \"P2rooliall\"",
              "match": {
                "location": "features\\step_definitions\\sitrep.js:28"
              },
              "result": {
                "status": "passed",
                "duration": 5537000000
              },
              "time": "00:00:05.537"
            },
            {
              "arguments": [],
              "keyword": "When ",
              "line": 9,
              "name": "I add new käitumisjuhis",
              "match": {
                "location": "features\\step_definitions\\sitrep.js:361"
              },
              "result": {
                "status": "passed",
                "duration": 8382000000
              },
              "time": "00:00:08.382"
            },
            {
              "arguments": [],
              "keyword": "When ",
              "line": 10,
              "name": "I upload file",
              "match": {
                "location": "features\\step_definitions\\sitrep.js:155"
              },
              "result": {
                "status": "passed",
                "duration": 23669000000
              },
              "time": "00:00:23.669"
            },
            {
              "keyword": "After",
              "hidden": true,
              "match": {
                "location": "features\\support\\hooks.js:59"
              },
              "result": {
                "status": "passed",
                "duration": 4000000
              }
            },
            {
              "keyword": "After",
              "hidden": true,
              "match": {
                "location": "features\\support\\hooks.js:54"
              },
              "result": {
                "status": "passed",
                "duration": 8000000
              }
            }
          ],
          "passed": 5,
          "failed": 0,
          "notDefined": 0,
          "skipped": 0,
          "pending": 0,
          "ambiguous": 0,
          "duration": 51516000000,
          "time": "00:00:51.516"
        },
        {
          "id": "sitrep-põhivoog;käitumisjuhise,-kasutaja-lisamine",
          "keyword": "Scenario",
          "line": 13,
          "name": "käitumisjuhise, kasutaja lisamine",
          "tags": [],
          "type": "scenario",
          "steps": [
            {
              "keyword": "Before",
              "hidden": true,
              "match": {
                "location": "features\\support\\hooks.js:45"
              },
              "result": {
                "status": "passed",
                "duration": 27642000000
              }
            },
            {
              "arguments": [],
              "keyword": "Given ",
              "line": 14,
              "name": "I open the Sitrep page",
              "match": {
                "location": "features\\step_definitions\\sitrep.js:12"
              },
              "result": {
                "status": "passed",
                "duration": 5700000000
              },
              "time": "00:00:05.700"
            },
            {
              "arguments": [],
              "keyword": "When ",
              "line": 15,
              "name": "I am directed to login page",
              "match": {
                "location": "features\\step_definitions\\sitrep.js:19"
              },
              "result": {
                "status": "passed",
                "duration": 4887000000
              },
              "time": "00:00:04.887"
            },
            {
              "arguments": [],
              "keyword": "Then ",
              "line": 16,
              "name": "I log in with credentials \"11111111111\" and \"P2rooliall\"",
              "match": {
                "location": "features\\step_definitions\\sitrep.js:28"
              },
              "result": {
                "status": "passed",
                "duration": 6164000000
              },
              "time": "00:00:06.164"
            },
            {
              "arguments": [],
              "keyword": "When ",
              "line": 17,
              "name": "I want to create a new event",
              "match": {
                "location": "features\\step_definitions\\sitrep.js:37"
              },
              "result": {
                "status": "failed",
                "duration": 100017000000,
                "error_message": "Error: function timed out, ensure the promise resolves within 100000 milliseconds\n    at Timeout._time.default.setTimeout [as _onTimeout] (C:\\Users\\48611080309\\Desktop\\sitrep2\\node_modules\\cucumber\\lib\\user_code_runner.js:81:20)\n    at ontimeout (timers.js:436:11)\n    at tryOnTimeout (timers.js:300:5)\n    at listOnTimeout (timers.js:263:5)\n    at Timer.processTimers (timers.js:223:10)"
              },
              "time": "00:01:40.017"
            },
            {
              "arguments": [],
              "keyword": "Then ",
              "line": 20,
              "name": "I want to add user",
              "match": {
                "location": "features\\step_definitions\\sitrep.js:238"
              },
              "result": {
                "status": "skipped"
              }
            },
            {
              "arguments": [],
              "keyword": "When ",
              "line": 21,
              "name": "I add new institution",
              "match": {
                "location": "features\\step_definitions\\sitrep.js:274"
              },
              "result": {
                "status": "skipped"
              }
            },
            {
              "arguments": [],
              "keyword": "When ",
              "line": 22,
              "name": "I fill in fields of the right sidebar2",
              "match": {
                "location": "features\\step_definitions\\sitrep.js:305"
              },
              "result": {
                "status": "skipped"
              }
            },
            {
              "keyword": "After",
              "hidden": true,
              "match": {
                "location": "features\\support\\hooks.js:59"
              },
              "result": {
                "status": "passed",
                "duration": 4000000
              }
            },
            {
              "keyword": "After",
              "hidden": true,
              "match": {
                "location": "features\\support\\hooks.js:54"
              },
              "result": {
                "status": "passed",
                "duration": 5000000
              }
            }
          ],
          "passed": 3,
          "failed": 1,
          "notDefined": 0,
          "skipped": 3,
          "pending": 0,
          "ambiguous": 0,
          "duration": 116768000000,
          "time": "00:01:56.768"
        },
        {
          "id": "sitrep-põhivoog;happy-path-kasutusvoog",
          "keyword": "Scenario",
          "line": 26,
          "name": "Happy-path kasutusvoog",
          "tags": [],
          "type": "scenario",
          "steps": [
            {
              "keyword": "Before",
              "hidden": true,
              "match": {
                "location": "features\\support\\hooks.js:45"
              },
              "result": {
                "status": "passed",
                "duration": 29553000000
              }
            },
            {
              "arguments": [],
              "keyword": "Given ",
              "line": 27,
              "name": "I open the Sitrep page",
              "match": {
                "location": "features\\step_definitions\\sitrep.js:12"
              },
              "result": {
                "status": "passed",
                "duration": 5736000000
              },
              "time": "00:00:05.736"
            },
            {
              "arguments": [],
              "keyword": "When ",
              "line": 28,
              "name": "I am directed to login page",
              "match": {
                "location": "features\\step_definitions\\sitrep.js:19"
              },
              "result": {
                "status": "passed",
                "duration": 3919000000
              },
              "time": "00:00:03.919"
            },
            {
              "arguments": [],
              "keyword": "Then ",
              "line": 29,
              "name": "I log in with credentials \"11111111111\" and \"P2rooliall\"",
              "match": {
                "location": "features\\step_definitions\\sitrep.js:28"
              },
              "result": {
                "status": "passed",
                "duration": 6107000000
              },
              "time": "00:00:06.107"
            },
            {
              "arguments": [],
              "keyword": "When ",
              "line": 31,
              "name": "I want to filter users",
              "match": {
                "location": "features\\step_definitions\\sitrep.js:289"
              },
              "result": {
                "status": "passed",
                "duration": 3693000000
              },
              "time": "00:00:03.693"
            },
            {
              "keyword": "After",
              "hidden": true,
              "match": {
                "location": "features\\support\\hooks.js:59"
              },
              "result": {
                "status": "passed",
                "duration": 5000000
              }
            },
            {
              "keyword": "After",
              "hidden": true,
              "match": {
                "location": "features\\support\\hooks.js:54"
              },
              "result": {
                "status": "passed",
                "duration": 6000000
              }
            }
          ],
          "passed": 4,
          "failed": 0,
          "notDefined": 0,
          "skipped": 0,
          "pending": 0,
          "ambiguous": 0,
          "duration": 19455000000,
          "time": "00:00:19.455"
        }
      ],
      "scenarios": {
        "passed": 2,
        "failed": 1,
        "notDefined": 0,
        "skipped": 0,
        "pending": 0,
        "ambiguous": 0,
        "passedPercentage": "66.67",
        "failedPercentage": "33.33",
        "notdefinedPercentage": "0.00",
        "skippedPercentage": "0.00",
        "pendingPercentage": "0.00",
        "ambiguousPercentage": "0.00",
        "total": 3
      },
      "duration": 187739000000,
      "time": "00:03:07.739",
      "isFailed": true,
      "isAmbiguous": false,
      "isSkipped": false,
      "isNotdefined": false,
      "isPending": false,
      "app": 0,
      "browser": 0,
      "failed": null,
      "totalTime": null
    },
    {
      "metadata": {
        "browser": {
          "name": "firefox",
          "version": "60.0.2"
        },
        "device": "Win node12 masin",
        "platform": {
          "name": "win32",
          "version": "10.0.17134"
        }
      },
      "keyword": "Feature",
      "name": "Sitrep põhivoog",
      "line": 1,
      "id": "14aaf7bd-39f8-45eb-a8f5-787fe184fe33-sitrep-p-hivoog",
      "tags": [],
      "uri": "features\\`secondaryflow.feature",
      "elements": [
        {
          "id": "sitrep-põhivoog;sündmuse-lisamine",
          "keyword": "Scenario",
          "line": 5,
          "name": "sündmuse lisamine",
          "tags": [],
          "type": "scenario",
          "steps": [
            {
              "keyword": "Before",
              "hidden": true,
              "match": {
                "location": "features\\support\\hooks.js:45"
              },
              "result": {
                "status": "passed",
                "duration": 28145000000
              }
            },
            {
              "arguments": [],
              "keyword": "Given ",
              "line": 6,
              "name": "I open the Sitrep page",
              "match": {
                "location": "features\\step_definitions\\sitrep.js:15"
              },
              "result": {
                "status": "passed",
                "duration": 7795000000
              },
              "time": "00:00:07.795"
            },
            {
              "arguments": [],
              "keyword": "When ",
              "line": 7,
              "name": "I am directed to login page",
              "match": {
                "location": "features\\step_definitions\\sitrep.js:31"
              },
              "result": {
                "status": "passed",
                "duration": 4163000000
              },
              "time": "00:00:04.163"
            },
            {
              "arguments": [],
              "keyword": "Then ",
              "line": 8,
              "name": "I log in with credentials \"11111111111\" and \"P2rooliall\"",
              "match": {
                "location": "features\\step_definitions\\sitrep.js:40"
              },
              "result": {
                "status": "passed",
                "duration": 6998000000
              },
              "time": "00:00:06.998"
            },
            {
              "arguments": [],
              "keyword": "When ",
              "line": 9,
              "name": "I add new käitumisjuhis",
              "match": {
                "location": "features\\step_definitions\\sitrep.js:373"
              },
              "result": {
                "status": "passed",
                "duration": 29622000000
              },
              "time": "00:00:29.622"
            },
            {
              "arguments": [],
              "keyword": "When ",
              "line": 10,
              "name": "I upload file",
              "match": {
                "location": "features\\step_definitions\\sitrep.js:167"
              },
              "result": {
                "status": "passed",
                "duration": 29723000000
              },
              "time": "00:00:29.723"
            },
            {
              "keyword": "After",
              "hidden": true,
              "match": {
                "location": "features\\support\\hooks.js:59"
              },
              "result": {
                "status": "passed",
                "duration": 7000000
              }
            },
            {
              "keyword": "After",
              "hidden": true,
              "match": {
                "location": "features\\support\\hooks.js:54"
              },
              "result": {
                "status": "passed",
                "duration": 4000000
              }
            }
          ],
          "passed": 5,
          "failed": 0,
          "notDefined": 0,
          "skipped": 0,
          "pending": 0,
          "ambiguous": 0,
          "duration": 78301000000,
          "time": "00:01:18.301"
        },
        {
          "id": "sitrep-põhivoog;käitumisjuhise,-kasutaja-lisamine",
          "keyword": "Scenario",
          "line": 13,
          "name": "käitumisjuhise, kasutaja lisamine",
          "tags": [],
          "type": "scenario",
          "steps": [
            {
              "keyword": "Before",
              "hidden": true,
              "match": {
                "location": "features\\support\\hooks.js:45"
              },
              "result": {
                "status": "passed",
                "duration": 25381000000
              }
            },
            {
              "arguments": [],
              "keyword": "Given ",
              "line": 14,
              "name": "I open the Sitrep page",
              "match": {
                "location": "features\\step_definitions\\sitrep.js:15"
              },
              "result": {
                "status": "passed",
                "duration": 6998000000
              },
              "time": "00:00:06.998"
            },
            {
              "arguments": [],
              "keyword": "When ",
              "line": 15,
              "name": "I am directed to login page",
              "match": {
                "location": "features\\step_definitions\\sitrep.js:31"
              },
              "result": {
                "status": "passed",
                "duration": 5030000000
              },
              "time": "00:00:05.030"
            },
            {
              "arguments": [],
              "keyword": "Then ",
              "line": 16,
              "name": "I log in with credentials \"11111111111\" and \"P2rooliall\"",
              "match": {
                "location": "features\\step_definitions\\sitrep.js:40"
              },
              "result": {
                "status": "passed",
                "duration": 6548000000
              },
              "time": "00:00:06.548"
            },
            {
              "arguments": [],
              "keyword": "When ",
              "line": 17,
              "name": "I want to create a new event",
              "match": {
                "location": "features\\step_definitions\\sitrep.js:49"
              },
              "result": {
                "status": "passed",
                "duration": 19859000000
              },
              "time": "00:00:19.859"
            },
            {
              "arguments": [],
              "keyword": "Then ",
              "line": 20,
              "name": "I want to add user",
              "match": {
                "location": "features\\step_definitions\\sitrep.js:250"
              },
              "result": {
                "status": "passed",
                "duration": 38064000000
              },
              "time": "00:00:38.064"
            },
            {
              "arguments": [],
              "keyword": "When ",
              "line": 21,
              "name": "I add new institution",
              "match": {
                "location": "features\\step_definitions\\sitrep.js:286"
              },
              "result": {
                "status": "failed",
                "duration": 21721000000,
                "error_message": "Error: { code: 'E24',\n  isTestCafeError: true,\n  callsite:\n   CallsiteRecord {\n     filename:\n      'C:\\\\Users\\\\48611080309\\\\Desktop\\\\sitrep2\\\\features\\\\step_definitions\\\\sitrep.js',\n     lineNum: 293,\n     callsiteFrameIdx: 6,\n     stackFrames:\n      [ [CallSite],\n        [CallSite],\n        [CallSite],\n        [CallSite],\n        [CallSite],\n        [CallSite],\n        [CallSite] ],\n     isV8Frames: true },\n  apiFnChain:\n   [ 'Selector(\\'[data-t-id=\"AddInstitution_name\"]\\')',\n     '.with({ boundTestRun: TestController { _executionContext: null, testRun: TestRun { warningLog: [WarningLog], opts: [Object], test: [Test], browserConnection: [BrowserConnection], phase: \\'inTest\\', driverTaskQueue: [], testDoneCommandQueued: false, activeDialogHandler: null, activeIframeSelector: null, speed: 1, pageLoadTimeout: 3000, disablePageReloads: false, disablePageCaching: false, allowMultipleWindows: false, session: [SessionController], consoleMessages: [BrowserConsoleMessages], pendingRequest: [Object], pendingPageError: null, controller: [Circular], ctx: [Object: null prototype] {}, fixtureCtx: [Object: null prototype] {}, currentRoleId: null, usedRoleStates: [Object: null prototype] {}, errs: [Array], lastDriverStatusId: \\'87437\\', lastDriverStatusResponse: null, fileDownloadingHandled: false, resolveWaitForFileDownloadingPromise: null, addingDriverTasksCount: 0, debugging: false, debugOnFail: false, disableDebugBreakpoints: false, debugReporterPluginHost: [ReporterPluginHost], browserManipulationQueue: [BrowserManipulationQueue], debugLog: [TestRunDebugLog], quarantine: null, debugLogger: [Object], requestHooks: [], preventEmitActionEvents: false, [Symbol(testRun)]: true }, executionChain: Promise { _then: undefined, then: [Function], click: [Function: fn], rightClick: [Function: fn], doubleClick: [Function: fn], hover: [Function: fn], drag: [Function: fn], dragToElement: [Function: fn], typeText: [Function: fn], selectText: [Function: fn], selectTextAreaContent: [Function: fn], selectEditableContent: [Function: fn], pressKey: [Function: fn], wait: [Function: fn], navigateTo: [Function: fn], setFilesToUpload: [Function: fn], clearUpload: [Function: fn], takeScreenshot: [Function: fn], takeElementScreenshot: [Function: fn], resizeWindow: [Function: fn], resizeWindowToFitDevice: [Function: fn], maximizeWindow: [Function: fn], switchToIframe: [Function: fn], switchToMainWindow: [Function: fn], eval: [Function: fn], setNativeDialogHandler: [Function: fn], getNativeDialogHistory: [Function: fn], getBrowserConsoleMessages: [Function: fn], expect: [Function: fn], debug: [Function: fn], setTestSpeed: [Function: fn], setPageLoadTimeout: [Function: fn], useRole: [Function: fn], addRequestHooks: [Function: fn], removeRequestHooks: [Function: fn], _handled: true, _state: \\'fulfilled\\', _data: undefined }, callsitesWithoutAwait: Set {} } })' ],\n  apiFnIndex: 0 }\n    at C:\\Users\\48611080309\\Desktop\\sitrep2\\node_modules\\cucumber\\lib\\user_code_runner.js:95:19\n    at Generator.throw (<anonymous>)\n    at asyncGeneratorStep (C:\\Users\\48611080309\\Desktop\\sitrep2\\node_modules\\cucumber\\lib\\user_code_runner.js:18:103)\n    at _throw (C:\\Users\\48611080309\\Desktop\\sitrep2\\node_modules\\cucumber\\lib\\user_code_runner.js:20:291)"
              },
              "time": "00:00:21.721"
            },
            {
              "arguments": [],
              "keyword": "When ",
              "line": 22,
              "name": "I fill in fields of the right sidebar2",
              "match": {
                "location": "features\\step_definitions\\sitrep.js:317"
              },
              "result": {
                "status": "skipped"
              }
            },
            {
              "keyword": "After",
              "hidden": true,
              "match": {
                "location": "features\\support\\hooks.js:59"
              },
              "result": {
                "status": "passed",
                "duration": 4000000
              }
            },
            {
              "keyword": "After",
              "hidden": true,
              "match": {
                "location": "features\\support\\hooks.js:54"
              },
              "result": {
                "status": "passed",
                "duration": 5000000
              }
            }
          ],
          "passed": 5,
          "failed": 1,
          "notDefined": 0,
          "skipped": 1,
          "pending": 0,
          "ambiguous": 0,
          "duration": 98220000000,
          "time": "00:01:38.220"
        },
        {
          "id": "sitrep-põhivoog;happy-path-kasutusvoog",
          "keyword": "Scenario",
          "line": 26,
          "name": "Happy-path kasutusvoog",
          "tags": [],
          "type": "scenario",
          "steps": [
            {
              "keyword": "Before",
              "hidden": true,
              "match": {
                "location": "features\\support\\hooks.js:45"
              },
              "result": {
                "status": "passed",
                "duration": 27208000000
              }
            },
            {
              "arguments": [],
              "keyword": "Given ",
              "line": 27,
              "name": "I open the Sitrep page",
              "match": {
                "location": "features\\step_definitions\\sitrep.js:15"
              },
              "result": {
                "status": "passed",
                "duration": 9942000000
              },
              "time": "00:00:09.942"
            },
            {
              "arguments": [],
              "keyword": "When ",
              "line": 28,
              "name": "I am directed to login page",
              "match": {
                "location": "features\\step_definitions\\sitrep.js:31"
              },
              "result": {
                "status": "passed",
                "duration": 3871000000
              },
              "time": "00:00:03.871"
            },
            {
              "arguments": [],
              "keyword": "Then ",
              "line": 29,
              "name": "I log in with credentials \"11111111111\" and \"P2rooliall\"",
              "match": {
                "location": "features\\step_definitions\\sitrep.js:40"
              },
              "result": {
                "status": "passed",
                "duration": 8376000000
              },
              "time": "00:00:08.376"
            },
            {
              "arguments": [],
              "keyword": "When ",
              "line": 31,
              "name": "I want to filter users",
              "match": {
                "location": "features\\step_definitions\\sitrep.js:301"
              },
              "result": {
                "status": "passed",
                "duration": 12880000000
              },
              "time": "00:00:12.880"
            },
            {
              "keyword": "After",
              "hidden": true,
              "match": {
                "location": "features\\support\\hooks.js:59"
              },
              "result": {
                "status": "passed",
                "duration": 8000000
              }
            },
            {
              "keyword": "After",
              "hidden": true,
              "match": {
                "location": "features\\support\\hooks.js:54"
              },
              "result": {
                "status": "passed",
                "duration": 3000000
              }
            }
          ],
          "passed": 4,
          "failed": 0,
          "notDefined": 0,
          "skipped": 0,
          "pending": 0,
          "ambiguous": 0,
          "duration": 35069000000,
          "time": "00:00:35.069"
        }
      ],
      "scenarios": {
        "passed": 2,
        "failed": 1,
        "notDefined": 0,
        "skipped": 0,
        "pending": 0,
        "ambiguous": 0,
        "passedPercentage": "66.67",
        "failedPercentage": "33.33",
        "notdefinedPercentage": "0.00",
        "skippedPercentage": "0.00",
        "pendingPercentage": "0.00",
        "ambiguousPercentage": "0.00",
        "total": 3
      },
      "duration": 211590000000,
      "time": "00:03:31.590",
      "isFailed": true,
      "isAmbiguous": false,
      "isSkipped": false,
      "isNotdefined": false,
      "isPending": false,
      "app": 0,
      "browser": 0,
      "failed": null,
      "totalTime": null
    },
    {
      "metadata": {
        "browser": {
          "name": "internet explorer",
          "version": "11"
        },
        "device": "Win node12 masin",
        "platform": {
          "name": "win32",
          "version": "10.0.17134"
        }
      },
      "keyword": "Feature",
      "name": "Sitrep põhivoog",
      "line": 1,
      "id": "9f4c7270-ade0-4ab3-98bc-033a3f1bb173-sitrep-p-hivoog",
      "tags": [],
      "uri": "features\\`secondaryflow.feature",
      "elements": [
        {
          "id": "sitrep-põhivoog;sündmuse-lisamine",
          "keyword": "Scenario",
          "line": 5,
          "name": "sündmuse lisamine",
          "tags": [],
          "type": "scenario",
          "steps": [
            {
              "keyword": "Before",
              "hidden": true,
              "match": {
                "location": "features\\support\\hooks.js:45"
              },
              "result": {
                "status": "passed",
                "duration": 21779000000
              }
            },
            {
              "arguments": [],
              "keyword": "Given ",
              "line": 6,
              "name": "I open the Sitrep page",
              "match": {
                "location": "features\\step_definitions\\sitrep.js:12"
              },
              "result": {
                "status": "passed",
                "duration": 5967000000
              },
              "time": "00:00:05.967"
            },
            {
              "arguments": [],
              "keyword": "When ",
              "line": 7,
              "name": "I am directed to login page",
              "match": {
                "location": "features\\step_definitions\\sitrep.js:19"
              },
              "result": {
                "status": "passed",
                "duration": 4200000000
              },
              "time": "00:00:04.200"
            },
            {
              "arguments": [],
              "keyword": "Then ",
              "line": 8,
              "name": "I log in with credentials \"11111111111\" and \"P2rooliall\"",
              "match": {
                "location": "features\\step_definitions\\sitrep.js:28"
              },
              "result": {
                "status": "passed",
                "duration": 6661000000
              },
              "time": "00:00:06.661"
            },
            {
              "arguments": [],
              "keyword": "When ",
              "line": 9,
              "name": "I add new käitumisjuhis",
              "match": {
                "location": "features\\step_definitions\\sitrep.js:361"
              },
              "result": {
                "status": "passed",
                "duration": 17543000000
              },
              "time": "00:00:17.543"
            },
            {
              "arguments": [],
              "keyword": "When ",
              "line": 10,
              "name": "I upload file",
              "match": {
                "location": "features\\step_definitions\\sitrep.js:155"
              },
              "result": {
                "status": "passed",
                "duration": 67075000000
              },
              "time": "00:01:07.075"
            },
            {
              "keyword": "After",
              "hidden": true,
              "match": {
                "location": "features\\support\\hooks.js:59"
              },
              "result": {
                "status": "passed",
                "duration": 14000000
              }
            },
            {
              "keyword": "After",
              "hidden": true,
              "match": {
                "location": "features\\support\\hooks.js:54"
              },
              "result": {
                "status": "passed",
                "duration": 8000000
              }
            }
          ],
          "passed": 5,
          "failed": 0,
          "notDefined": 0,
          "skipped": 0,
          "pending": 0,
          "ambiguous": 0,
          "duration": 101446000000,
          "time": "00:01:41.446"
        },
        {
          "id": "sitrep-põhivoog;käitumisjuhise,-kasutaja-lisamine",
          "keyword": "Scenario",
          "line": 13,
          "name": "käitumisjuhise, kasutaja lisamine",
          "tags": [],
          "type": "scenario",
          "steps": [
            {
              "keyword": "Before",
              "hidden": true,
              "match": {
                "location": "features\\support\\hooks.js:45"
              },
              "result": {
                "status": "passed",
                "duration": 20285000000
              }
            },
            {
              "arguments": [],
              "keyword": "Given ",
              "line": 14,
              "name": "I open the Sitrep page",
              "match": {
                "location": "features\\step_definitions\\sitrep.js:12"
              },
              "result": {
                "status": "passed",
                "duration": 6197000000
              },
              "time": "00:00:06.197"
            },
            {
              "arguments": [],
              "keyword": "When ",
              "line": 15,
              "name": "I am directed to login page",
              "match": {
                "location": "features\\step_definitions\\sitrep.js:19"
              },
              "result": {
                "status": "passed",
                "duration": 4232000000
              },
              "time": "00:00:04.232"
            },
            {
              "arguments": [],
              "keyword": "Then ",
              "line": 16,
              "name": "I log in with credentials \"11111111111\" and \"P2rooliall\"",
              "match": {
                "location": "features\\step_definitions\\sitrep.js:28"
              },
              "result": {
                "status": "passed",
                "duration": 6601000000
              },
              "time": "00:00:06.601"
            },
            {
              "arguments": [],
              "keyword": "When ",
              "line": 17,
              "name": "I want to create a new event",
              "match": {
                "location": "features\\step_definitions\\sitrep.js:37"
              },
              "result": {
                "status": "passed",
                "duration": 12292000000
              },
              "time": "00:00:12.292"
            },
            {
              "arguments": [],
              "keyword": "Then ",
              "line": 20,
              "name": "I want to add user",
              "match": {
                "location": "features\\step_definitions\\sitrep.js:238"
              },
              "result": {
                "status": "passed",
                "duration": 53129000000
              },
              "time": "00:00:53.129"
            },
            {
              "arguments": [],
              "keyword": "When ",
              "line": 21,
              "name": "I add new institution",
              "match": {
                "location": "features\\step_definitions\\sitrep.js:274"
              },
              "result": {
                "status": "failed",
                "duration": 22224000000,
                "error_message": "Error: { code: 'E24',\n  isTestCafeError: true,\n  callsite:\n   CallsiteRecord {\n     filename:\n      'C:\\\\Users\\\\48611080309\\\\Desktop\\\\sitrep2\\\\features\\\\step_definitions\\\\sitrep.js',\n     lineNum: 281,\n     callsiteFrameIdx: 6,\n     stackFrames:\n      [ [CallSite],\n        [CallSite],\n        [CallSite],\n        [CallSite],\n        [CallSite],\n        [CallSite],\n        [CallSite] ],\n     isV8Frames: true },\n  apiFnChain:\n   [ 'Selector(\\'[data-t-id=\"AddInstitution_name\"]\\')',\n     '.with({ boundTestRun: TestController { _executionContext: null, testRun: TestRun { warningLog: [WarningLog], opts: [Object], test: [Test], browserConnection: [BrowserConnection], phase: \\'inTest\\', driverTaskQueue: [], testDoneCommandQueued: false, activeDialogHandler: null, activeIframeSelector: null, speed: 1, pageLoadTimeout: 3000, disablePageReloads: false, disablePageCaching: false, allowMultipleWindows: false, session: [SessionController], consoleMessages: [BrowserConsoleMessages], pendingRequest: [Object], pendingPageError: null, controller: [Circular], ctx: [Object: null prototype] {}, fixtureCtx: [Object: null prototype] {}, currentRoleId: null, usedRoleStates: [Object: null prototype] {}, errs: [], lastDriverStatusId: \\'93822.76749877853\\', lastDriverStatusResponse: null, fileDownloadingHandled: false, resolveWaitForFileDownloadingPromise: null, addingDriverTasksCount: 0, debugging: false, debugOnFail: false, disableDebugBreakpoints: false, debugReporterPluginHost: [ReporterPluginHost], browserManipulationQueue: [BrowserManipulationQueue], debugLog: [TestRunDebugLog], quarantine: null, debugLogger: [Object], requestHooks: [], preventEmitActionEvents: false, [Symbol(testRun)]: true }, executionChain: Promise { _then: undefined, then: [Function], click: [Function: fn], rightClick: [Function: fn], doubleClick: [Function: fn], hover: [Function: fn], drag: [Function: fn], dragToElement: [Function: fn], typeText: [Function: fn], selectText: [Function: fn], selectTextAreaContent: [Function: fn], selectEditableContent: [Function: fn], pressKey: [Function: fn], wait: [Function: fn], navigateTo: [Function: fn], setFilesToUpload: [Function: fn], clearUpload: [Function: fn], takeScreenshot: [Function: fn], takeElementScreenshot: [Function: fn], resizeWindow: [Function: fn], resizeWindowToFitDevice: [Function: fn], maximizeWindow: [Function: fn], switchToIframe: [Function: fn], switchToMainWindow: [Function: fn], eval: [Function: fn], setNativeDialogHandler: [Function: fn], getNativeDialogHistory: [Function: fn], getBrowserConsoleMessages: [Function: fn], expect: [Function: fn], debug: [Function: fn], setTestSpeed: [Function: fn], setPageLoadTimeout: [Function: fn], useRole: [Function: fn], addRequestHooks: [Function: fn], removeRequestHooks: [Function: fn], _handled: true, _state: \\'fulfilled\\', _data: undefined }, callsitesWithoutAwait: Set {} } })' ],\n  apiFnIndex: 0 }\n    at C:\\Users\\48611080309\\Desktop\\sitrep2\\node_modules\\cucumber\\lib\\user_code_runner.js:95:19\n    at Generator.throw (<anonymous>)\n    at asyncGeneratorStep (C:\\Users\\48611080309\\Desktop\\sitrep2\\node_modules\\cucumber\\lib\\user_code_runner.js:18:103)\n    at _throw (C:\\Users\\48611080309\\Desktop\\sitrep2\\node_modules\\cucumber\\lib\\user_code_runner.js:20:291)"
              },
              "time": "00:00:22.224"
            },
            {
              "arguments": [],
              "keyword": "When ",
              "line": 22,
              "name": "I fill in fields of the right sidebar2",
              "match": {
                "location": "features\\step_definitions\\sitrep.js:305"
              },
              "result": {
                "status": "skipped"
              }
            },
            {
              "keyword": "After",
              "hidden": true,
              "match": {
                "location": "features\\support\\hooks.js:59"
              },
              "result": {
                "status": "passed",
                "duration": 5000000
              }
            },
            {
              "keyword": "After",
              "hidden": true,
              "match": {
                "location": "features\\support\\hooks.js:54"
              },
              "result": {
                "status": "passed",
                "duration": 3000000
              }
            }
          ],
          "passed": 5,
          "failed": 1,
          "notDefined": 0,
          "skipped": 1,
          "pending": 0,
          "ambiguous": 0,
          "duration": 104675000000,
          "time": "00:01:44.675"
        },
        {
          "id": "sitrep-põhivoog;happy-path-kasutusvoog",
          "keyword": "Scenario",
          "line": 26,
          "name": "Happy-path kasutusvoog",
          "tags": [],
          "type": "scenario",
          "steps": [
            {
              "keyword": "Before",
              "hidden": true,
              "match": {
                "location": "features\\support\\hooks.js:45"
              },
              "result": {
                "status": "passed",
                "duration": 20433000000
              }
            },
            {
              "arguments": [],
              "keyword": "Given ",
              "line": 27,
              "name": "I open the Sitrep page",
              "match": {
                "location": "features\\step_definitions\\sitrep.js:12"
              },
              "result": {
                "status": "passed",
                "duration": 4773000000
              },
              "time": "00:00:04.773"
            },
            {
              "arguments": [],
              "keyword": "When ",
              "line": 28,
              "name": "I am directed to login page",
              "match": {
                "location": "features\\step_definitions\\sitrep.js:19"
              },
              "result": {
                "status": "passed",
                "duration": 4799000000
              },
              "time": "00:00:04.799"
            },
            {
              "arguments": [],
              "keyword": "Then ",
              "line": 29,
              "name": "I log in with credentials \"11111111111\" and \"P2rooliall\"",
              "match": {
                "location": "features\\step_definitions\\sitrep.js:28"
              },
              "result": {
                "status": "passed",
                "duration": 6486000000
              },
              "time": "00:00:06.486"
            },
            {
              "arguments": [],
              "keyword": "When ",
              "line": 31,
              "name": "I want to filter users",
              "match": {
                "location": "features\\step_definitions\\sitrep.js:289"
              },
              "result": {
                "status": "passed",
                "duration": 6923000000
              },
              "time": "00:00:06.923"
            },
            {
              "keyword": "After",
              "hidden": true,
              "match": {
                "location": "features\\support\\hooks.js:59"
              },
              "result": {
                "status": "passed",
                "duration": 3000000
              }
            },
            {
              "keyword": "After",
              "hidden": true,
              "match": {
                "location": "features\\support\\hooks.js:54"
              },
              "result": {
                "status": "passed",
                "duration": 3000000
              }
            }
          ],
          "passed": 4,
          "failed": 0,
          "notDefined": 0,
          "skipped": 0,
          "pending": 0,
          "ambiguous": 0,
          "duration": 22981000000,
          "time": "00:00:22.981"
        }
      ],
      "scenarios": {
        "passed": 2,
        "failed": 1,
        "notDefined": 0,
        "skipped": 0,
        "pending": 0,
        "ambiguous": 0,
        "passedPercentage": "66.67",
        "failedPercentage": "33.33",
        "notdefinedPercentage": "0.00",
        "skippedPercentage": "0.00",
        "pendingPercentage": "0.00",
        "ambiguousPercentage": "0.00",
        "total": 3
      },
      "duration": 229102000000,
      "time": "00:03:49.102",
      "isFailed": true,
      "isAmbiguous": false,
      "isSkipped": false,
      "isNotdefined": false,
      "isPending": false,
      "app": 0,
      "browser": 0,
      "failed": null,
      "totalTime": null
    }
  ],
  "featureCount": {
    "ambiguous": 0,
    "failed": 3,
    "passed": 0,
    "notDefined": 0,
    "pending": 0,
    "skipped": 0,
    "total": 3,
    "ambiguousPercentage": "0.00",
    "failedPercentage": "100.00",
    "notdefinedPercentage": "0.00",
    "pendingPercentage": "0.00",
    "skippedPercentage": "0.00",
    "passedPercentage": "0.00"
  },
  "reportName": "Sitrepi e2e testid 5 sessiooni paralleelselt",
  "scenarios": {
    "failed": 3,
    "ambiguous": 0,
    "notDefined": 0,
    "pending": 0,
    "skipped": 0,
    "passed": 6,
    "total": 9,
    "ambiguousPercentage": "0.00",
    "failedPercentage": "33.33",
    "notdefinedPercentage": "0.00",
    "passedPercentage": "66.67",
    "pendingPercentage": "0.00",
    "skippedPercentage": "0.00"
  },
  "totalTime": 0
}
