[
  {
    "metadata": {
      "browser": {
        "name": "chrome",
        "version": "67.0.33"
      },
      "device": "Win node12 masin",
      "platform": {
        "name": "win32",
        "version": "10.0.17134"
      }
    },
    "keyword": "Feature",
    "name": "Sitrep põhivoog",
    "line": 1,
    "id": "sitrep-põhivoog",
    "tags": [],
    "uri": "features\\`secondaryflow.feature",
    "elements": [
      {
        "id": "sitrep-põhivoog;sündmuse-lisamine",
        "keyword": "Scenario",
        "line": 5,
        "name": "sündmuse lisamine",
        "tags": [],
        "type": "scenario",
        "steps": [
          {
            "keyword": "Before",
            "hidden": true,
            "match": {
              "location": "features\\support\\hooks.js:45"
            },
            "result": {
              "status": "passed",
              "duration": 27893000000
            }
          },
          {
            "arguments": [],
            "keyword": "Given ",
            "line": 6,
            "name": "I open the Sitrep page",
            "match": {
              "location": "features\\step_definitions\\sitrep.js:12"
            },
            "result": {
              "status": "passed",
              "duration": 9403000000
            }
          },
          {
            "arguments": [],
            "keyword": "When ",
            "line": 7,
            "name": "I am directed to login page",
            "match": {
              "location": "features\\step_definitions\\sitrep.js:19"
            },
            "result": {
              "status": "passed",
              "duration": 4525000000
            }
          },
          {
            "arguments": [],
            "keyword": "Then ",
            "line": 8,
            "name": "I log in with credentials \"11111111111\" and \"P2rooliall\"",
            "match": {
              "location": "features\\step_definitions\\sitrep.js:28"
            },
            "result": {
              "status": "passed",
              "duration": 5537000000
            }
          },
          {
            "arguments": [],
            "keyword": "When ",
            "line": 9,
            "name": "I add new käitumisjuhis",
            "match": {
              "location": "features\\step_definitions\\sitrep.js:361"
            },
            "result": {
              "status": "passed",
              "duration": 8382000000
            }
          },
          {
            "arguments": [],
            "keyword": "When ",
            "line": 10,
            "name": "I upload file",
            "match": {
              "location": "features\\step_definitions\\sitrep.js:155"
            },
            "result": {
              "status": "passed",
              "duration": 23669000000
            }
          },
          {
            "keyword": "After",
            "hidden": true,
            "match": {
              "location": "features\\support\\hooks.js:59"
            },
            "result": {
              "status": "passed",
              "duration": 4000000
            }
          },
          {
            "keyword": "After",
            "hidden": true,
            "match": {
              "location": "features\\support\\hooks.js:54"
            },
            "result": {
              "status": "passed",
              "duration": 8000000
            }
          }
        ]
      },
      {
        "id": "sitrep-põhivoog;käitumisjuhise,-kasutaja-lisamine",
        "keyword": "Scenario",
        "line": 13,
        "name": "käitumisjuhise, kasutaja lisamine",
        "tags": [],
        "type": "scenario",
        "steps": [
          {
            "keyword": "Before",
            "hidden": true,
            "match": {
              "location": "features\\support\\hooks.js:45"
            },
            "result": {
              "status": "passed",
              "duration": 27642000000
            }
          },
          {
            "arguments": [],
            "keyword": "Given ",
            "line": 14,
            "name": "I open the Sitrep page",
            "match": {
              "location": "features\\step_definitions\\sitrep.js:12"
            },
            "result": {
              "status": "passed",
              "duration": 5700000000
            }
          },
          {
            "arguments": [],
            "keyword": "When ",
            "line": 15,
            "name": "I am directed to login page",
            "match": {
              "location": "features\\step_definitions\\sitrep.js:19"
            },
            "result": {
              "status": "passed",
              "duration": 4887000000
            }
          },
          {
            "arguments": [],
            "keyword": "Then ",
            "line": 16,
            "name": "I log in with credentials \"11111111111\" and \"P2rooliall\"",
            "match": {
              "location": "features\\step_definitions\\sitrep.js:28"
            },
            "result": {
              "status": "passed",
              "duration": 6164000000
            }
          },
          {
            "arguments": [],
            "keyword": "When ",
            "line": 17,
            "name": "I want to create a new event",
            "match": {
              "location": "features\\step_definitions\\sitrep.js:37"
            },
            "result": {
              "status": "failed",
              "duration": 100017000000,
              "error_message": "Error: function timed out, ensure the promise resolves within 100000 milliseconds\n    at Timeout._time.default.setTimeout [as _onTimeout] (C:\\Users\\48611080309\\Desktop\\sitrep2\\node_modules\\cucumber\\lib\\user_code_runner.js:81:20)\n    at ontimeout (timers.js:436:11)\n    at tryOnTimeout (timers.js:300:5)\n    at listOnTimeout (timers.js:263:5)\n    at Timer.processTimers (timers.js:223:10)"
            }
          },
          {
            "arguments": [],
            "keyword": "Then ",
            "line": 20,
            "name": "I want to add user",
            "match": {
              "location": "features\\step_definitions\\sitrep.js:238"
            },
            "result": {
              "status": "skipped"
            }
          },
          {
            "arguments": [],
            "keyword": "When ",
            "line": 21,
            "name": "I add new institution",
            "match": {
              "location": "features\\step_definitions\\sitrep.js:274"
            },
            "result": {
              "status": "skipped"
            }
          },
          {
            "arguments": [],
            "keyword": "When ",
            "line": 22,
            "name": "I fill in fields of the right sidebar2",
            "match": {
              "location": "features\\step_definitions\\sitrep.js:305"
            },
            "result": {
              "status": "skipped"
            }
          },
          {
            "keyword": "After",
            "hidden": true,
            "match": {
              "location": "features\\support\\hooks.js:59"
            },
            "result": {
              "status": "passed",
              "duration": 4000000
            }
          },
          {
            "keyword": "After",
            "hidden": true,
            "match": {
              "location": "features\\support\\hooks.js:54"
            },
            "result": {
              "status": "passed",
              "duration": 5000000
            }
          }
        ]
      },
      {
        "id": "sitrep-põhivoog;happy-path-kasutusvoog",
        "keyword": "Scenario",
        "line": 26,
        "name": "Happy-path kasutusvoog",
        "tags": [],
        "type": "scenario",
        "steps": [
          {
            "keyword": "Before",
            "hidden": true,
            "match": {
              "location": "features\\support\\hooks.js:45"
            },
            "result": {
              "status": "passed",
              "duration": 29553000000
            }
          },
          {
            "arguments": [],
            "keyword": "Given ",
            "line": 27,
            "name": "I open the Sitrep page",
            "match": {
              "location": "features\\step_definitions\\sitrep.js:12"
            },
            "result": {
              "status": "passed",
              "duration": 5736000000
            }
          },
          {
            "arguments": [],
            "keyword": "When ",
            "line": 28,
            "name": "I am directed to login page",
            "match": {
              "location": "features\\step_definitions\\sitrep.js:19"
            },
            "result": {
              "status": "passed",
              "duration": 3919000000
            }
          },
          {
            "arguments": [],
            "keyword": "Then ",
            "line": 29,
            "name": "I log in with credentials \"11111111111\" and \"P2rooliall\"",
            "match": {
              "location": "features\\step_definitions\\sitrep.js:28"
            },
            "result": {
              "status": "passed",
              "duration": 6107000000
            }
          },
          {
            "arguments": [],
            "keyword": "When ",
            "line": 31,
            "name": "I want to filter users",
            "match": {
              "location": "features\\step_definitions\\sitrep.js:289"
            },
            "result": {
              "status": "passed",
              "duration": 3693000000
            }
          },
          {
            "keyword": "After",
            "hidden": true,
            "match": {
              "location": "features\\support\\hooks.js:59"
            },
            "result": {
              "status": "passed",
              "duration": 5000000
            }
          },
          {
            "keyword": "After",
            "hidden": true,
            "match": {
              "location": "features\\support\\hooks.js:54"
            },
            "result": {
              "status": "passed",
              "duration": 6000000
            }
          }
        ]
      }
    ]
  },
  {
    "metadata": {
      "browser": {
        "name": "firefox",
        "version": "60.0.2"
      },
      "device": "Win node12 masin",
      "platform": {
        "name": "win32",
        "version": "10.0.17134"
      }
    },
    "keyword": "Feature",
    "name": "Sitrep põhivoog",
    "line": 1,
    "id": "sitrep-põhivoog",
    "tags": [],
    "uri": "features\\`secondaryflow.feature",
    "elements": [
      {
        "id": "sitrep-põhivoog;sündmuse-lisamine",
        "keyword": "Scenario",
        "line": 5,
        "name": "sündmuse lisamine",
        "tags": [],
        "type": "scenario",
        "steps": [
          {
            "keyword": "Before",
            "hidden": true,
            "match": {
              "location": "features\\support\\hooks.js:45"
            },
            "result": {
              "status": "passed",
              "duration": 28145000000
            }
          },
          {
            "arguments": [],
            "keyword": "Given ",
            "line": 6,
            "name": "I open the Sitrep page",
            "match": {
              "location": "features\\step_definitions\\sitrep.js:15"
            },
            "result": {
              "status": "passed",
              "duration": 7795000000
            }
          },
          {
            "arguments": [],
            "keyword": "When ",
            "line": 7,
            "name": "I am directed to login page",
            "match": {
              "location": "features\\step_definitions\\sitrep.js:31"
            },
            "result": {
              "status": "passed",
              "duration": 4163000000
            }
          },
          {
            "arguments": [],
            "keyword": "Then ",
            "line": 8,
            "name": "I log in with credentials \"11111111111\" and \"P2rooliall\"",
            "match": {
              "location": "features\\step_definitions\\sitrep.js:40"
            },
            "result": {
              "status": "passed",
              "duration": 6998000000
            }
          },
          {
            "arguments": [],
            "keyword": "When ",
            "line": 9,
            "name": "I add new käitumisjuhis",
            "match": {
              "location": "features\\step_definitions\\sitrep.js:373"
            },
            "result": {
              "status": "passed",
              "duration": 29622000000
            }
          },
          {
            "arguments": [],
            "keyword": "When ",
            "line": 10,
            "name": "I upload file",
            "match": {
              "location": "features\\step_definitions\\sitrep.js:167"
            },
            "result": {
              "status": "passed",
              "duration": 29723000000
            }
          },
          {
            "keyword": "After",
            "hidden": true,
            "match": {
              "location": "features\\support\\hooks.js:59"
            },
            "result": {
              "status": "passed",
              "duration": 7000000
            }
          },
          {
            "keyword": "After",
            "hidden": true,
            "match": {
              "location": "features\\support\\hooks.js:54"
            },
            "result": {
              "status": "passed",
              "duration": 4000000
            }
          }
        ]
      },
      {
        "id": "sitrep-põhivoog;käitumisjuhise,-kasutaja-lisamine",
        "keyword": "Scenario",
        "line": 13,
        "name": "käitumisjuhise, kasutaja lisamine",
        "tags": [],
        "type": "scenario",
        "steps": [
          {
            "keyword": "Before",
            "hidden": true,
            "match": {
              "location": "features\\support\\hooks.js:45"
            },
            "result": {
              "status": "passed",
              "duration": 25381000000
            }
          },
          {
            "arguments": [],
            "keyword": "Given ",
            "line": 14,
            "name": "I open the Sitrep page",
            "match": {
              "location": "features\\step_definitions\\sitrep.js:15"
            },
            "result": {
              "status": "passed",
              "duration": 6998000000
            }
          },
          {
            "arguments": [],
            "keyword": "When ",
            "line": 15,
            "name": "I am directed to login page",
            "match": {
              "location": "features\\step_definitions\\sitrep.js:31"
            },
            "result": {
              "status": "passed",
              "duration": 5030000000
            }
          },
          {
            "arguments": [],
            "keyword": "Then ",
            "line": 16,
            "name": "I log in with credentials \"11111111111\" and \"P2rooliall\"",
            "match": {
              "location": "features\\step_definitions\\sitrep.js:40"
            },
            "result": {
              "status": "passed",
              "duration": 6548000000
            }
          },
          {
            "arguments": [],
            "keyword": "When ",
            "line": 17,
            "name": "I want to create a new event",
            "match": {
              "location": "features\\step_definitions\\sitrep.js:49"
            },
            "result": {
              "status": "passed",
              "duration": 19859000000
            }
          },
          {
            "arguments": [],
            "keyword": "Then ",
            "line": 20,
            "name": "I want to add user",
            "match": {
              "location": "features\\step_definitions\\sitrep.js:250"
            },
            "result": {
              "status": "passed",
              "duration": 38064000000
            }
          },
          {
            "arguments": [],
            "keyword": "When ",
            "line": 21,
            "name": "I add new institution",
            "match": {
              "location": "features\\step_definitions\\sitrep.js:286"
            },
            "result": {
              "status": "failed",
              "duration": 21721000000,
              "error_message": "Error: { code: 'E24',\n  isTestCafeError: true,\n  callsite:\n   CallsiteRecord {\n     filename:\n      'C:\\\\Users\\\\48611080309\\\\Desktop\\\\sitrep2\\\\features\\\\step_definitions\\\\sitrep.js',\n     lineNum: 293,\n     callsiteFrameIdx: 6,\n     stackFrames:\n      [ [CallSite],\n        [CallSite],\n        [CallSite],\n        [CallSite],\n        [CallSite],\n        [CallSite],\n        [CallSite] ],\n     isV8Frames: true },\n  apiFnChain:\n   [ 'Selector(\\'[data-t-id=\"AddInstitution_name\"]\\')',\n     '.with({ boundTestRun: TestController { _executionContext: null, testRun: TestRun { warningLog: [WarningLog], opts: [Object], test: [Test], browserConnection: [BrowserConnection], phase: \\'inTest\\', driverTaskQueue: [], testDoneCommandQueued: false, activeDialogHandler: null, activeIframeSelector: null, speed: 1, pageLoadTimeout: 3000, disablePageReloads: false, disablePageCaching: false, allowMultipleWindows: false, session: [SessionController], consoleMessages: [BrowserConsoleMessages], pendingRequest: [Object], pendingPageError: null, controller: [Circular], ctx: [Object: null prototype] {}, fixtureCtx: [Object: null prototype] {}, currentRoleId: null, usedRoleStates: [Object: null prototype] {}, errs: [Array], lastDriverStatusId: \\'87437\\', lastDriverStatusResponse: null, fileDownloadingHandled: false, resolveWaitForFileDownloadingPromise: null, addingDriverTasksCount: 0, debugging: false, debugOnFail: false, disableDebugBreakpoints: false, debugReporterPluginHost: [ReporterPluginHost], browserManipulationQueue: [BrowserManipulationQueue], debugLog: [TestRunDebugLog], quarantine: null, debugLogger: [Object], requestHooks: [], preventEmitActionEvents: false, [Symbol(testRun)]: true }, executionChain: Promise { _then: undefined, then: [Function], click: [Function: fn], rightClick: [Function: fn], doubleClick: [Function: fn], hover: [Function: fn], drag: [Function: fn], dragToElement: [Function: fn], typeText: [Function: fn], selectText: [Function: fn], selectTextAreaContent: [Function: fn], selectEditableContent: [Function: fn], pressKey: [Function: fn], wait: [Function: fn], navigateTo: [Function: fn], setFilesToUpload: [Function: fn], clearUpload: [Function: fn], takeScreenshot: [Function: fn], takeElementScreenshot: [Function: fn], resizeWindow: [Function: fn], resizeWindowToFitDevice: [Function: fn], maximizeWindow: [Function: fn], switchToIframe: [Function: fn], switchToMainWindow: [Function: fn], eval: [Function: fn], setNativeDialogHandler: [Function: fn], getNativeDialogHistory: [Function: fn], getBrowserConsoleMessages: [Function: fn], expect: [Function: fn], debug: [Function: fn], setTestSpeed: [Function: fn], setPageLoadTimeout: [Function: fn], useRole: [Function: fn], addRequestHooks: [Function: fn], removeRequestHooks: [Function: fn], _handled: true, _state: \\'fulfilled\\', _data: undefined }, callsitesWithoutAwait: Set {} } })' ],\n  apiFnIndex: 0 }\n    at C:\\Users\\48611080309\\Desktop\\sitrep2\\node_modules\\cucumber\\lib\\user_code_runner.js:95:19\n    at Generator.throw (<anonymous>)\n    at asyncGeneratorStep (C:\\Users\\48611080309\\Desktop\\sitrep2\\node_modules\\cucumber\\lib\\user_code_runner.js:18:103)\n    at _throw (C:\\Users\\48611080309\\Desktop\\sitrep2\\node_modules\\cucumber\\lib\\user_code_runner.js:20:291)"
            }
          },
          {
            "arguments": [],
            "keyword": "When ",
            "line": 22,
            "name": "I fill in fields of the right sidebar2",
            "match": {
              "location": "features\\step_definitions\\sitrep.js:317"
            },
            "result": {
              "status": "skipped"
            }
          },
          {
            "keyword": "After",
            "hidden": true,
            "match": {
              "location": "features\\support\\hooks.js:59"
            },
            "result": {
              "status": "passed",
              "duration": 4000000
            }
          },
          {
            "keyword": "After",
            "hidden": true,
            "match": {
              "location": "features\\support\\hooks.js:54"
            },
            "result": {
              "status": "passed",
              "duration": 5000000
            }
          }
        ]
      },
      {
        "id": "sitrep-põhivoog;happy-path-kasutusvoog",
        "keyword": "Scenario",
        "line": 26,
        "name": "Happy-path kasutusvoog",
        "tags": [],
        "type": "scenario",
        "steps": [
          {
            "keyword": "Before",
            "hidden": true,
            "match": {
              "location": "features\\support\\hooks.js:45"
            },
            "result": {
              "status": "passed",
              "duration": 27208000000
            }
          },
          {
            "arguments": [],
            "keyword": "Given ",
            "line": 27,
            "name": "I open the Sitrep page",
            "match": {
              "location": "features\\step_definitions\\sitrep.js:15"
            },
            "result": {
              "status": "passed",
              "duration": 9942000000
            }
          },
          {
            "arguments": [],
            "keyword": "When ",
            "line": 28,
            "name": "I am directed to login page",
            "match": {
              "location": "features\\step_definitions\\sitrep.js:31"
            },
            "result": {
              "status": "passed",
              "duration": 3871000000
            }
          },
          {
            "arguments": [],
            "keyword": "Then ",
            "line": 29,
            "name": "I log in with credentials \"11111111111\" and \"P2rooliall\"",
            "match": {
              "location": "features\\step_definitions\\sitrep.js:40"
            },
            "result": {
              "status": "passed",
              "duration": 8376000000
            }
          },
          {
            "arguments": [],
            "keyword": "When ",
            "line": 31,
            "name": "I want to filter users",
            "match": {
              "location": "features\\step_definitions\\sitrep.js:301"
            },
            "result": {
              "status": "passed",
              "duration": 12880000000
            }
          },
          {
            "keyword": "After",
            "hidden": true,
            "match": {
              "location": "features\\support\\hooks.js:59"
            },
            "result": {
              "status": "passed",
              "duration": 8000000
            }
          },
          {
            "keyword": "After",
            "hidden": true,
            "match": {
              "location": "features\\support\\hooks.js:54"
            },
            "result": {
              "status": "passed",
              "duration": 3000000
            }
          }
        ]
      }
    ]
  },
  {
    "metadata": {
      "browser": {
        "name": "internet explorer",
        "version": "11"
      },
      "device": "Win node12 masin",
      "platform": {
        "name": "win32",
        "version": "10.0.17134"
      }
    },
    "keyword": "Feature",
    "name": "Sitrep põhivoog",
    "line": 1,
    "id": "sitrep-põhivoog",
    "tags": [],
    "uri": "features\\`secondaryflow.feature",
    "elements": [
      {
        "id": "sitrep-põhivoog;sündmuse-lisamine",
        "keyword": "Scenario",
        "line": 5,
        "name": "sündmuse lisamine",
        "tags": [],
        "type": "scenario",
        "steps": [
          {
            "keyword": "Before",
            "hidden": true,
            "match": {
              "location": "features\\support\\hooks.js:45"
            },
            "result": {
              "status": "passed",
              "duration": 21779000000
            }
          },
          {
            "arguments": [],
            "keyword": "Given ",
            "line": 6,
            "name": "I open the Sitrep page",
            "match": {
              "location": "features\\step_definitions\\sitrep.js:12"
            },
            "result": {
              "status": "passed",
              "duration": 5967000000
            }
          },
          {
            "arguments": [],
            "keyword": "When ",
            "line": 7,
            "name": "I am directed to login page",
            "match": {
              "location": "features\\step_definitions\\sitrep.js:19"
            },
            "result": {
              "status": "passed",
              "duration": 4200000000
            }
          },
          {
            "arguments": [],
            "keyword": "Then ",
            "line": 8,
            "name": "I log in with credentials \"11111111111\" and \"P2rooliall\"",
            "match": {
              "location": "features\\step_definitions\\sitrep.js:28"
            },
            "result": {
              "status": "passed",
              "duration": 6661000000
            }
          },
          {
            "arguments": [],
            "keyword": "When ",
            "line": 9,
            "name": "I add new käitumisjuhis",
            "match": {
              "location": "features\\step_definitions\\sitrep.js:361"
            },
            "result": {
              "status": "passed",
              "duration": 17543000000
            }
          },
          {
            "arguments": [],
            "keyword": "When ",
            "line": 10,
            "name": "I upload file",
            "match": {
              "location": "features\\step_definitions\\sitrep.js:155"
            },
            "result": {
              "status": "passed",
              "duration": 67075000000
            }
          },
          {
            "keyword": "After",
            "hidden": true,
            "match": {
              "location": "features\\support\\hooks.js:59"
            },
            "result": {
              "status": "passed",
              "duration": 14000000
            }
          },
          {
            "keyword": "After",
            "hidden": true,
            "match": {
              "location": "features\\support\\hooks.js:54"
            },
            "result": {
              "status": "passed",
              "duration": 8000000
            }
          }
        ]
      },
      {
        "id": "sitrep-põhivoog;käitumisjuhise,-kasutaja-lisamine",
        "keyword": "Scenario",
        "line": 13,
        "name": "käitumisjuhise, kasutaja lisamine",
        "tags": [],
        "type": "scenario",
        "steps": [
          {
            "keyword": "Before",
            "hidden": true,
            "match": {
              "location": "features\\support\\hooks.js:45"
            },
            "result": {
              "status": "passed",
              "duration": 20285000000
            }
          },
          {
            "arguments": [],
            "keyword": "Given ",
            "line": 14,
            "name": "I open the Sitrep page",
            "match": {
              "location": "features\\step_definitions\\sitrep.js:12"
            },
            "result": {
              "status": "passed",
              "duration": 6197000000
            }
          },
          {
            "arguments": [],
            "keyword": "When ",
            "line": 15,
            "name": "I am directed to login page",
            "match": {
              "location": "features\\step_definitions\\sitrep.js:19"
            },
            "result": {
              "status": "passed",
              "duration": 4232000000
            }
          },
          {
            "arguments": [],
            "keyword": "Then ",
            "line": 16,
            "name": "I log in with credentials \"11111111111\" and \"P2rooliall\"",
            "match": {
              "location": "features\\step_definitions\\sitrep.js:28"
            },
            "result": {
              "status": "passed",
              "duration": 6601000000
            }
          },
          {
            "arguments": [],
            "keyword": "When ",
            "line": 17,
            "name": "I want to create a new event",
            "match": {
              "location": "features\\step_definitions\\sitrep.js:37"
            },
            "result": {
              "status": "passed",
              "duration": 12292000000
            }
          },
          {
            "arguments": [],
            "keyword": "Then ",
            "line": 20,
            "name": "I want to add user",
            "match": {
              "location": "features\\step_definitions\\sitrep.js:238"
            },
            "result": {
              "status": "passed",
              "duration": 53129000000
            }
          },
          {
            "arguments": [],
            "keyword": "When ",
            "line": 21,
            "name": "I add new institution",
            "match": {
              "location": "features\\step_definitions\\sitrep.js:274"
            },
            "result": {
              "status": "failed",
              "duration": 22224000000,
              "error_message": "Error: { code: 'E24',\n  isTestCafeError: true,\n  callsite:\n   CallsiteRecord {\n     filename:\n      'C:\\\\Users\\\\48611080309\\\\Desktop\\\\sitrep2\\\\features\\\\step_definitions\\\\sitrep.js',\n     lineNum: 281,\n     callsiteFrameIdx: 6,\n     stackFrames:\n      [ [CallSite],\n        [CallSite],\n        [CallSite],\n        [CallSite],\n        [CallSite],\n        [CallSite],\n        [CallSite] ],\n     isV8Frames: true },\n  apiFnChain:\n   [ 'Selector(\\'[data-t-id=\"AddInstitution_name\"]\\')',\n     '.with({ boundTestRun: TestController { _executionContext: null, testRun: TestRun { warningLog: [WarningLog], opts: [Object], test: [Test], browserConnection: [BrowserConnection], phase: \\'inTest\\', driverTaskQueue: [], testDoneCommandQueued: false, activeDialogHandler: null, activeIframeSelector: null, speed: 1, pageLoadTimeout: 3000, disablePageReloads: false, disablePageCaching: false, allowMultipleWindows: false, session: [SessionController], consoleMessages: [BrowserConsoleMessages], pendingRequest: [Object], pendingPageError: null, controller: [Circular], ctx: [Object: null prototype] {}, fixtureCtx: [Object: null prototype] {}, currentRoleId: null, usedRoleStates: [Object: null prototype] {}, errs: [], lastDriverStatusId: \\'93822.76749877853\\', lastDriverStatusResponse: null, fileDownloadingHandled: false, resolveWaitForFileDownloadingPromise: null, addingDriverTasksCount: 0, debugging: false, debugOnFail: false, disableDebugBreakpoints: false, debugReporterPluginHost: [ReporterPluginHost], browserManipulationQueue: [BrowserManipulationQueue], debugLog: [TestRunDebugLog], quarantine: null, debugLogger: [Object], requestHooks: [], preventEmitActionEvents: false, [Symbol(testRun)]: true }, executionChain: Promise { _then: undefined, then: [Function], click: [Function: fn], rightClick: [Function: fn], doubleClick: [Function: fn], hover: [Function: fn], drag: [Function: fn], dragToElement: [Function: fn], typeText: [Function: fn], selectText: [Function: fn], selectTextAreaContent: [Function: fn], selectEditableContent: [Function: fn], pressKey: [Function: fn], wait: [Function: fn], navigateTo: [Function: fn], setFilesToUpload: [Function: fn], clearUpload: [Function: fn], takeScreenshot: [Function: fn], takeElementScreenshot: [Function: fn], resizeWindow: [Function: fn], resizeWindowToFitDevice: [Function: fn], maximizeWindow: [Function: fn], switchToIframe: [Function: fn], switchToMainWindow: [Function: fn], eval: [Function: fn], setNativeDialogHandler: [Function: fn], getNativeDialogHistory: [Function: fn], getBrowserConsoleMessages: [Function: fn], expect: [Function: fn], debug: [Function: fn], setTestSpeed: [Function: fn], setPageLoadTimeout: [Function: fn], useRole: [Function: fn], addRequestHooks: [Function: fn], removeRequestHooks: [Function: fn], _handled: true, _state: \\'fulfilled\\', _data: undefined }, callsitesWithoutAwait: Set {} } })' ],\n  apiFnIndex: 0 }\n    at C:\\Users\\48611080309\\Desktop\\sitrep2\\node_modules\\cucumber\\lib\\user_code_runner.js:95:19\n    at Generator.throw (<anonymous>)\n    at asyncGeneratorStep (C:\\Users\\48611080309\\Desktop\\sitrep2\\node_modules\\cucumber\\lib\\user_code_runner.js:18:103)\n    at _throw (C:\\Users\\48611080309\\Desktop\\sitrep2\\node_modules\\cucumber\\lib\\user_code_runner.js:20:291)"
            }
          },
          {
            "arguments": [],
            "keyword": "When ",
            "line": 22,
            "name": "I fill in fields of the right sidebar2",
            "match": {
              "location": "features\\step_definitions\\sitrep.js:305"
            },
            "result": {
              "status": "skipped"
            }
          },
          {
            "keyword": "After",
            "hidden": true,
            "match": {
              "location": "features\\support\\hooks.js:59"
            },
            "result": {
              "status": "passed",
              "duration": 5000000
            }
          },
          {
            "keyword": "After",
            "hidden": true,
            "match": {
              "location": "features\\support\\hooks.js:54"
            },
            "result": {
              "status": "passed",
              "duration": 3000000
            }
          }
        ]
      },
      {
        "id": "sitrep-põhivoog;happy-path-kasutusvoog",
        "keyword": "Scenario",
        "line": 26,
        "name": "Happy-path kasutusvoog",
        "tags": [],
        "type": "scenario",
        "steps": [
          {
            "keyword": "Before",
            "hidden": true,
            "match": {
              "location": "features\\support\\hooks.js:45"
            },
            "result": {
              "status": "passed",
              "duration": 20433000000
            }
          },
          {
            "arguments": [],
            "keyword": "Given ",
            "line": 27,
            "name": "I open the Sitrep page",
            "match": {
              "location": "features\\step_definitions\\sitrep.js:12"
            },
            "result": {
              "status": "passed",
              "duration": 4773000000
            }
          },
          {
            "arguments": [],
            "keyword": "When ",
            "line": 28,
            "name": "I am directed to login page",
            "match": {
              "location": "features\\step_definitions\\sitrep.js:19"
            },
            "result": {
              "status": "passed",
              "duration": 4799000000
            }
          },
          {
            "arguments": [],
            "keyword": "Then ",
            "line": 29,
            "name": "I log in with credentials \"11111111111\" and \"P2rooliall\"",
            "match": {
              "location": "features\\step_definitions\\sitrep.js:28"
            },
            "result": {
              "status": "passed",
              "duration": 6486000000
            }
          },
          {
            "arguments": [],
            "keyword": "When ",
            "line": 31,
            "name": "I want to filter users",
            "match": {
              "location": "features\\step_definitions\\sitrep.js:289"
            },
            "result": {
              "status": "passed",
              "duration": 6923000000
            }
          },
          {
            "keyword": "After",
            "hidden": true,
            "match": {
              "location": "features\\support\\hooks.js:59"
            },
            "result": {
              "status": "passed",
              "duration": 3000000
            }
          },
          {
            "keyword": "After",
            "hidden": true,
            "match": {
              "location": "features\\support\\hooks.js:54"
            },
            "result": {
              "status": "passed",
              "duration": 3000000
            }
          }
        ]
      }
    ]
  }
]
